run_id,fold,epoch,training_phase,eligible_for_best,is_best_epoch,best_epoch_so_far,learning_rate,learning_rate_min,learning_rate_max,weight_decay,lambda_norm,train_loss,train_recon_loss,train_recon_fixation,train_recon_transition,train_recon_temporal,train_norm_loss,train_spread_loss,val_loss,val_recon_loss,val_recon_fixation,val_recon_transition,val_recon_temporal,val_norm_loss,val_spread_loss,train_within_stimulus_dispersion,train_between_stimulus_dispersion,val_within_stimulus_dispersion,val_between_stimulus_dispersion,grad_norm_mean,grad_norm_max,grad_clip_fraction,semantic_gamma_attention1,semantic_gamma_attention2,spatial_bridge_eta,train_mask_ratio_realized,val_mask_ratio_realized,num_train_trials,num_val_trials,n_train_batches,n_val_batches,n_train_stimulus_groups,n_val_stimulus_groups,n_skipped_norm_groups_train,n_skipped_norm_groups_val,nonfinite_batch_count,epoch_time_seconds,peak_gpu_memory_mb,seed
dino_hc_normative_stage1_base_20260901_034204_606521_4,3,0,warmup,False,False,,0.00011999999999999999,0.0003,0.0003,0.0005,0.0,0.06663755595684051,0.06663755595684051,0.00420326991006732,0.00569512028247118,0.056739166378974915,0.010062872767448425,0.009518256932497025,0.057910648140219914,0.057910648140219914,0.0019657314240145007,0.0024838474386367597,0.05346106914448097,0.009277580305933952,0.009728341363370419,0.008805052414536475,0.002469124507624656,0.008696974255144596,0.0013766566989943385,0.17401551578886668,0.34201306787445646,0.0,0.04936908558011055,0.049503542482852936,0.1007382795214653,0.3489583432674408,0.3489583432674408,800,1599,13,25,100,1599,0,1599,0,58.53397274017334,0.0,2026
dino_hc_normative_stage1_base_20260901_034204_606521_4,3,1,warmup,False,False,,0.00017999999999999998,0.0003,0.0003,0.0005,0.0,0.046946346014738086,0.046946346014738086,0.001812155619263649,0.002206896017305553,0.04292729452252388,0.008932803943753242,0.009550765864551067,0.03551462345323837,0.03551462345323837,0.0013139366629906814,0.0014732078701668908,0.0327274788327147,0.009163806214928627,0.009734823368489742,0.007816240638494492,0.0022916063852608205,0.008590230718255043,0.0013433650601655245,0.10023280032170688,0.11998729543098169,0.0,0.04866514354944229,0.04881030693650246,0.10138355940580368,0.3489583432674408,0.3489583432674408,800,1599,13,25,100,1599,0,1599,0,55.6537606716156,0.0,2026
dino_hc_normative_stage1_base_20260901_034204_606521_4,3,2,warmup,False,False,,0.00023999999999999998,0.0003,0.0003,0.0005,0.0,0.02783502630889416,0.02783502630889416,0.0012260485952720046,0.0013433096301741897,0.025265667885541916,0.010698505565524102,0.009492656141519546,0.02390977178931497,0.02390977178931497,0.0007602896527815296,0.0008530606607949621,0.02229642160143645,0.009773030877113342,0.00972791388630867,0.009361232742667197,0.0026005695899948477,0.009161262772977352,0.001378527726046741,0.06927958450554308,0.08693061363428342,0.0,0.04842502251267433,0.04832395166158676,0.1032651886343956,0.3489583432674408,0.3489583432674408,800,1599,13,25,100,1599,0,1599,0,56.91668081283569,0.0,2026
dino_hc_normative_stage1_base_20260901_034204_606521_4,3,3,warmup,False,False,,0.0003,0.0003,0.0003,0.0005,0.0,0.020814223438501357,0.020814223438501357,0.0006221477990038693,0.0006053732498548925,0.019586702436208726,0.008381132483482361,0.00962994746863842,0.019363060170753142,0.019363060170753142,0.0004461632592002486,0.00042083888345460915,0.018496057906277185,0.007318643853068352,0.009797273203730583,0.007333529517054558,0.0018890120228752495,0.006860528141260147,0.0010237847454845905,0.06393213204240224,0.09953962443511669,0.0,0.04788362607359886,0.047390133142471313,0.10430512577295303,0.3489583432674408,0.3489583432674408,800,1599,13,25,100,1599,0,1599,0,55.597702980041504,0.0,2026
dino_hc_normative_stage1_base_20260901_034204_606521_4,3,4,warmup,False,False,,0.0003,0.0003,0.0003,0.0005,0.0,0.016666023097932338,0.016666023097932338,0.0003595075965858996,0.0003430504142306745,0.015963465236127378,0.007154125422239303,0.009679269827902317,0.016327024286635,0.016327024286635,0.0002976454853342603,0.0002847965255770203,0.015744582377723637,0.006460438948124647,0.00981998909264803,0.006259899511933327,0.0016283399797976017,0.006056124344468117,0.0009081184398382902,0.05019763128107891,0.098594564204051,0.0,0.047924697399139404,0.047536443918943405,0.10732407867908478,0.3489583432674408,0.3489583432674408,800,1599,13,25,100,1599,0,1599,0,57.4044029712677,0.0,2026
dino_hc_normative_stage1_base_20260901_034204_606521_4,3,5,warmup,False,False,,0.0002999179886011389,0.0003,0.0003,0.0005,0.0,0.014880211055278779,0.014880211055278779,0.00025696800264995545,0.0002414003195008263,0.014381842538714409,0.006311481818556786,0.009737018458545209,0.015067303183956248,0.015067303183956248,0.00023699715797815022,0.000217146147703219,0.014613160011990508,0.006034128367900848,0.009830317460000515,0.005522582456469536,0.001332545904442668,0.005656576249748468,0.0008556045941077173,0.07747805592297803,0.16548784392124868,0.0,0.0479544997215271,0.04756501317024231,0.11084109544754028,0.3489583432674408,0.3489583432674408,800,1599,13,25,100,1599,0,1599,0,57.705339670181274,0.0,2026
dino_hc_normative_stage1_base_20260901_034204_606521_4,3,6,warmup,False,False,,0.00029967204408281613,0.0003,0.0003,0.0005,0.0,0.013733774237334729,0.013733774237334729,0.00021608314360491932,0.0002004282217239961,0.013317262753844261,0.006345572769641876,0.009738877601921558,0.013926213042224625,0.013926213042224625,0.00020444307847697232,0.00018804444524794735,0.013533725420140042,0.005639573559165001,0.009839282371103764,0.005552415698766708,0.0013220282969996333,0.005286761559545994,0.0008101019193418324,0.041985249885119195,0.11852187784141122,0.0,0.04811570793390274,0.04802123084664345,0.11479342728853226,0.3489583432674408,0.3489583432674408,800,1599,13,25,100,1599,0,1599,0,56.93054699897766,0.0,2026
dino_hc_normative_stage1_base_20260901_034204_606521_4,3,7,warmup,False,False,,0.0002992624353817517,0.0003,0.0003,0.0005,0.0,0.01321064118295908,0.01321064118295908,0.00019587694143410772,0.00018133516423404216,0.012833429165184498,0.005364146158099175,0.00974828127771616,0.01351053209473298,0.01351053209473298,0.00018977119562134853,0.00017500888499854454,0.013145751869067168,0.005484718829393387,0.009844094514846802,0.004693669155240059,0.0012745291250757873,0.005141650326550007,0.0007856396841816604,0.07070140040623024,0.15897884657816666,0.0,0.04821079596877098,0.048531197011470795,0.11932074278593063,0.3489583432674408,0.3489583432674408,800,1599,13,25,100,1599,0,1599,0,57.324201345443726,0.0,2026
dino_hc_normative_stage1_base_20260901_034204_606521_4,3,8,warmup,False,False,,0.00029868961039904624,0.0003,0.0003,0.0005,0.0,0.012743942439556122,0.012743942439556122,0.00018656242405995727,0.00017163689364679157,0.012385743223130703,0.005777762755751609,0.00972633097320795,0.012811690739579057,0.012811690739579057,0.00017991478949799211,0.0001639763294547922,0.012467799646508477,0.0055254977196455,0.009840703569352627,0.0050555837899446485,0.0013863174011930824,0.005179896485060453,0.000802943657618016,0.07897434343157417,0.15943175961428935,0.0,0.0482088103890419,0.048753704875707626,0.12399403750896454,0.3489583432674408,0.3489583432674408,800,1599,13,25,100,1599,0,1599,0,57.18975615501404,0.0,2026
dino_hc_normative_stage1_base_20260901_034204_606521_4,3,9,warmup,False,False,,0.00029795419551040833,0.0003,0.0003,0.0005,0.0,0.01189295906573534,0.01189295906573534,0.0001763018104247749,0.00016029086778871716,0.011556366421282292,0.00571923479437828,0.0097307001426816,0.012185764281175859,0.012185764281175859,0.00017446454784873956,0.00015841316072067292,0.011852886616307694,0.005588684696704149,0.009839562699198723,0.005004370883107186,0.00136509298812598,0.005239161662757397,0.0008087274036370218,0.05607255258448286,0.10164007939236569,0.0,0.04780186340212822,0.04883737117052078,0.1288882941007614,0.3489583432674408,0.3489583432674408,800,1599,13,25,100,1599,0,1599,0,56.955912590026855,0.0,2026
dino_hc_normative_stage1_base_20260901_034204_606521_4,3,10,ramp,False,False,,0.0002970569948812214,0.0003,0.0003,0.0005,0.020000000000000004,0.021496002525091172,0.011704513616859914,0.00017406449012923985,0.00015903570863883942,0.011371413469314575,0.00844111032783985,0.009622666873037816,0.021570354975256757,0.011801894507798984,0.00017185199132582012,0.00015672179912170367,0.011473320663357392,0.013809770345687866,0.009492265060544014,0.007386009469628334,0.0019239833811298013,0.012945443391799927,0.002620008774101734,0.07232561011430158,0.151172524427809,0.0,0.04745412617921829,0.048883676528930664,0.1339336335659027,0.3489583432674408,0.3489583432674408,800,1599,13,25,100,1599,0,1599,0,55.12838315963745,0.0,2026
dino_hc_normative_stage1_base_20260901_034204_606521_4,3,11,ramp,False,False,,0.0002959989895872009,0.0003,0.0003,0.0005,0.04000000000000001,0.029156370162963866,0.0110884053632617,0.00017041692219208927,0.00015559825173113494,0.010762390196323395,0.045168655067682265,0.008130609206855297,0.029635703643950507,0.011130288137289567,0.000178637638501124,0.00016263929768168414,0.010789011191551092,0.10256119072437286,0.007201483938843012,0.039522614404559134,0.010689379144459964,0.09612599015235901,0.016451768577098846,0.0913264016298019,0.17481855877731753,0.0,0.04857048764824867,0.05057013779878616,0.1393420696258545,0.3489583432674408,0.3489583432674408,800,1599,13,25,100,1599,0,1599,0,57.62153196334839,0.0,2026
dino_hc_normative_stage1_base_20260901_034204_606521_4,3,12,ramp,False,False,,0.0002947813365416023,0.0003,0.0003,0.0005,0.06,0.03702952593564987,0.010844698213040828,0.00018104442860931159,0.00016584859462454916,0.010497805289924144,0.24586475789546966,0.0038109807018190623,0.044077759295884866,0.011410689646561046,0.00018782960035288655,0.00017270174204299648,0.011050158374249152,0.4594433307647705,0.0017001566011458635,0.2151316946744919,0.05836975693702698,0.4306916892528534,0.12052804976701736,0.06447126166711158,0.08421326564893007,0.0,0.051997989416122437,0.056030552834272385,0.1448078602552414,0.3489583432674408,0.3489583432674408,800,1599,13,25,100,1599,0,1599,0,56.608455419540405,0.0,2026
dino_hc_normative_stage1_base_20260901_034204_606521_4,3,13,ramp,False,False,,0.0002934053672301536,0.0003,0.0003,0.0005,0.08000000000000002,0.04489441215991974,0.010622850768268109,0.0001792101771570742,0.00016852610162459313,0.010275114476680756,0.3692865133285522,0.001182160023599863,0.04832677067784573,0.010973694786112558,0.00018386989820275626,0.00017209578639621777,0.010617729031211179,0.32429811358451843,0.0028523067012429237,0.32312572181224825,0.11746349483728409,0.3039757013320923,0.059603966772556305,0.08455547951467628,0.15152373379704023,0.0,0.05444253236055374,0.05863012373447418,0.147858664393425,0.3489583432674408,0.3489583432674408,800,1599,13,25,100,1599,0,1599,0,56.46499228477478,0.0,2026
dino_hc_normative_stage1_base_20260901_034204_606521_4,3,14,ramp,False,False,,0.00029187258625509513,0.0003,0.0003,0.0005,0.1,0.05313507273793221,0.010228900015354156,0.00017593945376574992,0.00016589480452239514,0.009887065850198268,0.37819327592849733,0.0010173686360940336,0.05552033767837442,0.01049837898264981,0.00018031045287872856,0.00017009587999262333,0.01014797267602469,0.3249834179878235,0.0025047233793884516,0.330919154882431,0.10307753354310989,0.30462080240249634,0.061844296753406525,0.07972491955258235,0.11396849015865745,0.0,0.0585932657122612,0.06347383558750153,0.15097284317016602,0.3489583432674408,0.3489583432674408,800,1599,13,25,100,1599,0,1599,0,56.583460330963135,0.0,2026
dino_hc_normative_stage1_base_20260901_034204_606521_4,3,15,joint,True,True,15,0.0002901846696899191,0.0003,0.0003,0.0005,0.1,0.04731689035892486,0.010067712292075157,0.00017501294147223234,0.00016506636689882725,0.009727632999420166,0.32756813526153566,0.000898472893750295,0.05218974243021868,0.010259629954689365,0.00017313974042157477,0.0001621070107553746,0.00992438316245035,0.27598458528518677,0.0028663307894021273,0.2866221648454666,0.09940455719828606,0.258699506521225,0.056659996509552,0.07019343681480869,0.14989331869015737,0.0,0.06374035775661469,0.06946945935487747,0.15398061275482178,0.3489583432674408,0.3489583432674408,800,1599,13,25,100,1599,0,1599,0,53.723771810531616,0.0,2026
dino_hc_normative_stage1_base_20260901_034204_606521_4,3,16,joint,True,True,16,0.0002883434632466077,0.0003,0.0003,0.0005,0.1,0.0453225402534008,0.009942318648099899,0.00017044292413629592,0.0001602314831689,0.0096116441488266,0.3055000352859497,0.000966043493244797,0.05210703282520639,0.010216779395905302,0.00016522893744079354,0.00015294459498852312,0.009898605895664932,0.34035205841064453,0.001571009517647326,0.2673125505447388,0.10430827528238297,0.3190349340438843,0.0837305411696434,0.10631608580678507,0.15914241830750697,0.0,0.0711328387260437,0.07768836617469788,0.15621665120124817,0.3489583432674408,0.3489583432674408,800,1599,13,25,100,1599,0,1599,0,56.43341422080994,0.0,2026
dino_hc_normative_stage1_base_20260901_034204_606521_4,3,17,joint,True,True,17,0.00028635098025737434,0.0003,0.0003,0.0005,0.1,0.04381180316209793,0.010038810931146145,0.0001610129763139412,0.00015034491196274757,0.00972745306789875,0.2950143051147461,0.0008543122699484229,0.04999232087655633,0.010285987871686804,0.00015848958740675423,0.00014811089504479586,0.009979387334640545,0.315652459859848,0.0016282174037769437,0.25813754260540006,0.10498483508825301,0.2958773374557495,0.0826682597398758,0.10801506038282421,0.18867132922196878,0.0,0.07911355793476105,0.08663078397512436,0.15861275792121887,0.3489583432674408,0.3489583432674408,800,1599,13,25,100,1599,0,1599,0,57.0119788646698,0.0,2026
dino_hc_normative_stage1_base_20260901_034204_606521_4,3,18,joint,True,True,18,0.0002842093994731145,0.0003,0.0003,0.0005,0.1,0.043191207200288774,0.009893008396029473,0.0001566717214882374,0.00014644103532191366,0.009589895494282246,0.2794664752483368,0.001070310203358531,0.04526351993455621,0.009968521357691608,0.00015756407091890599,0.00014584469897634675,0.009665112577266922,0.2700539529323578,0.0016579206567257643,0.24453319430351259,0.10592241406440735,0.2531314790248871,0.08790996670722961,0.0899555636183044,0.15125849736511748,0.0,0.08869116008281708,0.09637724608182907,0.1617533266544342,0.3489583432674408,0.3489583432674408,800,1599,13,25,100,1599,0,1599,0,56.49205732345581,0.0,2026
dino_hc_normative_stage1_base_20260901_034204_606521_4,3,19,joint,True,True,19,0.00028192106268097334,0.0003,0.0003,0.0005,0.1,0.04074015811085701,0.009528544954955578,0.0001523205853300169,0.00014141154359094798,0.009234812892973423,0.2645669591426849,0.0009509832691401243,0.03746343130576922,0.009580742277722197,0.00015497955869412395,0.0001402225406638628,0.009285540203491064,0.20987577736377716,0.0013790222583338618,0.2314961075782776,0.11911396607756615,0.1967329978942871,0.11938295513391495,0.09006380608669161,0.16548333345256827,0.0,0.09921111911535263,0.107019804418087,0.1644294410943985,0.3489583432674408,0.3489583432674408,800,1599,13,25,100,1599,0,1599,0,56.96261262893677,0.0,2026
dino_hc_normative_stage1_base_20260901_034204_606521_4,3,20,joint,True,True,20,0.0002794884721436361,0.0003,0.0003,0.0005,0.1,0.0329390113055706,0.009405083581805229,0.00015397369919810443,0.0001410789048532024,0.009110031090676785,0.18694473564624786,0.0009678908041678369,0.028777490398515158,0.009504186018038683,0.00015783503403280833,0.0001437256053795431,0.009202625361935767,0.13480417430400848,0.0011585773900151253,0.16357668370008469,0.1626865501701832,0.1263730674982071,0.1978629231452942,0.09407168428758014,0.25621045778947266,0.0,0.1094016581773758,0.11711696535348892,0.16616708040237427,0.3489583432674408,0.3489583432674408,800,1599,13,25,100,1599,0,1599,0,55.68332600593567,0.0,2026
dino_hc_normative_stage1_base_20260901_034204_606521_4,3,21,joint,True,True,21,0.0002769142878631403,0.0003,0.0003,0.0005,0.1,0.025226299911737443,0.009035762548446655,0.00016115212580189109,0.0001474049751413986,0.008727205544710159,0.1164485901594162,0.0009091355768032372,0.022476107778340422,0.009438321681074644,0.00015457933105375755,0.00014051470455315763,0.009143227702000873,0.07932880520820618,0.0010209811152890325,0.10189255177974701,0.2666377079486847,0.07437439262866974,0.30592429637908936,0.07060355600334546,0.17200921941996689,0.0,0.11854375153779984,0.12508642673492432,0.1674894094467163,0.3489583432674408,0.3489583432674408,800,1599,13,25,100,1599,0,1599,0,56.029179096221924,0.0,2026
dino_hc_normative_stage1_base_20260901_034204_606521_4,3,22,joint,True,True,22,0.000274201324672203,0.0003,0.0003,0.0005,0.1,0.020479604527354242,0.009138928465545178,0.00015366603387519716,0.00014178823097608982,0.008843474201858043,0.0742917862534523,0.0007822994684102013,0.018295209225295712,0.009291263715392578,0.00014896005149961293,0.00013365790647544256,0.009008645747506932,0.05004299804568291,0.0007999291410669684,0.06500535294413566,0.34549117684364317,0.046916741877794266,0.3644498586654663,0.08445749115686155,0.1395174008030876,0.0,0.12612169981002808,0.13161544501781464,0.16856902837753296,0.3489583432674408,0.3489583432674408,800,1599,13,25,100,1599,0,1599,0,54.400447607040405,0.0,2026
dino_hc_normative_stage1_base_20260901_034204_606521_4,3,23,joint,True,True,23,0.0002713525491562421,0.0003,0.0003,0.0005,0.1,0.017016603052616118,0.008886697329580783,0.0001471043424680829,0.0001340637292014435,0.00860552942380309,0.042034667879343034,0.0007852878281846643,0.01623084702170594,0.009280985074491706,0.00014089536182417838,0.00012559493512728876,0.009014494725275293,0.0451621375977993,0.00048672963748686016,0.036780373007059095,0.3998968952894211,0.04233771935105324,0.43159425258636475,0.07754152898274394,0.1204618922723779,0.0,0.13194392621517181,0.13663025200366974,0.170021653175354,0.3489583432674408,0.3489583432674408,800,1599,13,25,100,1599,0,1599,0,55.971678733825684,0.0,2026
dino_hc_normative_stage1_base_20260901_034204_606521_4,3,24,joint,True,True,24,0.00026837107640945905,0.0003,0.0003,0.0005,0.1,0.014923708252608777,0.009099640659987926,0.00014567591599188746,0.00013083109632134438,0.008823133707046509,0.03556001126766205,0.00045361331372987477,0.01395468055854509,0.009204928792332805,0.00013921586820849039,0.00012392849943929966,0.00894178440497304,0.03025800921022892,0.0003447901690378785,0.03111505150794983,0.45766420662403107,0.028360452502965927,0.4608519375324249,0.07320839303641709,0.1109872508503258,0.0,0.1365780234336853,0.1411985158920288,0.1713281124830246,0.3489583432674408,0.3489583432674408,800,1599,13,25,100,1599,0,1599,0,56.175363302230835,0.0,2026
dino_hc_normative_stage1_base_20260901_034204_606521_4,3,25,joint,True,True,25,0.00026526016662852886,0.0003,0.0003,0.0005,0.1,0.012660124748945236,0.008929024264216424,0.00013983033422846348,0.00012578510213643313,0.008663408756256104,0.023464472368359565,0.00027693066749634454,0.012399830913738762,0.00902553570932657,0.0001359735760069554,0.00012103044468247121,0.008768531619067339,0.021132707595825195,0.0002522048889659345,0.02053145185112953,0.43644852936267853,0.019806532189249992,0.4412873387336731,0.0789787100491681,0.13945429141347176,0.0,0.13966110348701477,0.14390918612480164,0.1723977029323578,0.3489583432674408,0.3489583432674408,800,1599,13,25,100,1599,0,1599,0,56.309051752090454,0.0,2026
dino_hc_normative_stage1_base_20260901_034204_606521_4,3,26,joint,True,True,26,0.0002620232215476231,0.0003,0.0003,0.0005,0.1,0.012414747774600983,0.008990297485142946,0.00014009322185302154,0.00012627144547877833,0.008723932914435864,0.02224654398858547,0.00023995911760721356,0.011662937854672942,0.008828694410878394,0.00013104804748081877,0.00011683096841366884,0.008580815399984705,0.0207196231931448,0.00015245622489601374,0.01946576714515686,0.43979828238487245,0.019419973716139793,0.4903394281864166,0.07073183818821298,0.1476510030716164,0.0,0.14274154603481293,0.14641550183296204,0.17371542751789093,0.3489583432674408,0.3489583432674408,800,1599,13,25,100,1599,0,1599,0,56.88186192512512,0.0,2026
dino_hc_normative_stage1_base_20260901_034204_606521_4,3,27,joint,True,True,27,0.00025866378071866334,0.0003,0.0003,0.0005,0.1,0.011350002624094486,0.00867106180638075,0.00013029223191551864,0.00011652199260424823,0.00842424750328064,0.020605633854866027,0.00012367546734822098,0.011156461437474795,0.00880786703504608,0.00012734149745549002,0.00011202744154764539,0.00856849801126143,0.017512502148747444,0.0001194688375107944,0.018029966652393342,0.47242822289466857,0.0164171252399683,0.4733705222606659,0.06393472361978757,0.12644004492517513,0.0,0.14467006921768188,0.14856889843940735,0.17481327056884766,0.3489583432674408,0.3489583432674408,800,1599,13,25,100,1599,0,1599,0,57.15747427940369,0.0,2026
dino_hc_normative_stage1_base_20260901_034204_606521_4,3,28,joint,True,True,28,0.00025518551764087326,0.0003,0.0003,0.0005,0.1,0.010622614733874798,0.008403948955237866,0.00013022046274272726,0.00011516410479089245,0.008158564362674951,0.015536884889006614,0.00013299544546031217,0.010996897409191471,0.009057523196375579,0.00012376334553977896,0.00010935956852631719,0.008824400249064864,0.014385347254574299,0.00010016789747169241,0.013594814911484718,0.4452023863792419,0.013487819582223892,0.4214061498641968,0.06304757422592931,0.1153489429299762,0.0,0.1457587629556656,0.15001815557479858,0.17608661949634552,0.3489583432674408,0.3489583432674408,800,1599,13,25,100,1599,0,1599,0,56.86117887496948,0.0,2026
dino_hc_normative_stage1_base_20260901_034204_606521_4,3,29,joint,True,True,29,0.00025159223574386114,0.0003,0.0003,0.0005,0.1,0.010340819023549557,0.008518720008432866,0.00012851810839492828,0.00011524534580530599,0.008274956569075585,0.013791341036558151,8.85929848931255e-05,0.010331045898230168,0.008628989615855625,0.00012031003941915489,0.00010582084898824388,0.008402858739060637,0.013078738935291767,7.88364777690731e-05,0.012067462205886842,0.4417063307762146,0.01226133108139038,0.45499077439308167,0.06875459835303309,0.14471105213718105,0.0,0.14700227975845337,0.151758074760437,0.17709586024284363,0.3489583432674408,0.3489583432674408,800,1599,13,25,100,1599,0,1599,0,57.02439641952515,0.0,2026
dino_hc_normative_stage1_base_20260901_034204_606521_4,3,30,joint,True,True,30,0.00024788786422862526,0.0003,0.0003,0.0005,0.1,0.010051855333149434,0.008258548472076655,0.00012001811963273212,0.00010607358679408207,0.008032456841319799,0.01271271452307701,0.00010440705824294128,0.009833370195696259,0.008330626404489519,0.00011807145778490336,0.00010344373425404734,0.008109111215376422,0.011531943455338478,6.990988913457841e-05,0.011123662143945693,0.4569300377368927,0.010810459032654762,0.4549837112426758,0.04815733916978322,0.08537801600091037,0.0,0.1477469503879547,0.15296439826488495,0.17813070118427277,0.3489583432674408,0.3489583432674408,800,1599,13,25,100,1599,0,1599,0,57.66095995903015,0.0,2026
dino_hc_normative_stage1_base_20260901_034204_606521_4,3,31,joint,True,True,31,0.00024407645377103054,0.0003,0.0003,0.0005,0.1,0.009508401900529862,0.008127603381872177,0.0001179592590779066,0.0001043032415327616,0.007905340809375048,0.010673974230885506,6.268021039431914e-05,0.009602608770333953,0.008258647235894367,0.00011570686394083876,0.00010060136461229453,0.00804233907537303,0.010650098323822021,5.579034041147679e-05,0.009339768663048744,0.44219292640686036,0.009983930736780167,0.4451029896736145,0.03774688967196892,0.05615224159493505,0.0,0.14835485816001892,0.15403953194618225,0.17904022336006165,0.3489583432674408,0.3489583432674408,800,1599,13,25,100,1599,0,1599,0,56.77259397506714,0.0,2026
dino_hc_normative_stage1_base_20260901_034204_606521_4,3,32,joint,True,True,32,0.00024016217209245374,0.0003,0.0003,0.0005,0.1,0.009540995359420776,0.008177532218396663,0.000118982934509404,0.00010334569349652157,0.007955203652381898,0.010490477532148362,6.28830698042293e-05,0.009360385933075284,0.00814627292446601,0.0001136933794900588,9.844348095156477e-05,0.007934136138535835,0.009471779689192772,5.338700793799944e-05,0.009179206043481826,0.4383582067489624,0.008879422210156918,0.4258981943130493,0.029383980037712747,0.05181755934063561,0.0,0.148906871676445,0.15473033487796783,0.18001529574394226,0.3489583432674408,0.3489583432674408,800,1599,13,25,100,1599,0,1599,0,57.68324136734009,0.0,2026
dino_hc_normative_stage1_base_20260901_034204_606521_4,3,33,joint,True,True,33,0.0002361492994024415,0.0003,0.0003,0.0005,0.1,0.009101085104048253,0.007960389666259289,0.00011616146191954613,0.0001018819390446879,0.007742346283048391,0.009480368793010712,3.853171898713509e-05,0.009178767869707258,0.008054675243147244,0.00011036515698686366,9.490004163766175e-05,0.00784941004697534,0.008854096755385399,4.773659020429477e-05,0.008295361176133156,0.414370573759079,0.008300275541841984,0.42253145575523376,0.027579767873673892,0.05233121047336255,0.0,0.1494337022304535,0.15543024241924286,0.18060897290706635,0.3489583432674408,0.3489583432674408,800,1599,13,25,100,1599,0,1599,0,57.54943227767944,0.0,2026
dino_hc_normative_stage1_base_20260901_034204_606521_4,3,34,joint,True,True,34,0.00023204222371836405,0.0003,0.0003,0.0005,0.1,0.009385938309133052,0.00804011907428503,0.00011403633543523028,9.873961767880247e-05,0.007827343121170997,0.00926867812871933,8.37902879743524e-05,0.00903451262194808,0.008017519839559964,0.00010868790721461955,9.321571159420571e-05,0.007815616217565916,0.00784243829548359,4.654979056795128e-05,0.008110132068395615,0.4026285004615784,0.007351818028837442,0.40523725748062134,0.03433893314091545,0.07811881827654572,0.0,0.1496802419424057,0.1558278650045395,0.18153870105743408,0.3489583432674408,0.3489583432674408,800,1599,13,25,100,1599,0,1599,0,56.30057716369629,0.0,2026
dino_hc_normative_stage1_base_20260901_034204_606521_4,3,35,joint,True,True,35,0.00022784543606718227,0.0003,0.0003,0.0005,0.1,0.008955993559211492,0.0077761453203856945,0.00010624817834468558,9.126034245127813e-05,0.007578636836260557,0.008288723677396774,7.019518974402673e-05,0.00887870061797196,0.007917389567776014,0.00010654533952657335,9.045898182555104e-05,0.007720385261667453,0.007696064654737711,3.8340916944434866e-05,0.00725267194211483,0.3937527203559876,0.007215154357254505,0.4023762047290802,0.03754787569663673,0.06425546852906155,0.0,0.15023714303970337,0.15649572014808655,0.18219493329524994,0.3489583432674408,0.3489583432674408,800,1599,13,25,100,1599,0,1599,0,58.45463156700134,0.0,2026
dino_hc_normative_stage1_base_20260901_034204_606521_4,3,36,joint,True,True,36,0.0002235635255745762,0.0003,0.0003,0.0005,0.1,0.008962016683071852,0.0077288209833204745,0.00010519026545807719,9.14060603827238e-05,0.007532224617898464,0.008167961165308952,8.327990050020161e-05,0.008800663738031808,0.00786940886256395,0.00010399309009003579,8.838480929940912e-05,0.007677030980265499,0.007666249293833971,3.292598921689205e-05,0.0071470016986131665,0.39549494624137876,0.007187983952462673,0.3968379497528076,0.029667688925769674,0.043474660912077294,0.0,0.15074966847896576,0.15742121636867523,0.1830243617296219,0.3489583432674408,0.3489583432674408,800,1599,13,25,100,1599,0,1599,0,57.5219669342041,0.0,2026
dino_hc_normative_stage1_base_20260901_034204_606521_4,3,37,joint,True,True,37,0.00021920117444680317,0.0003,0.0003,0.0005,0.1,0.008429411537945271,0.007548863776028156,0.00010397810605354607,8.95958676119335e-05,0.00735528975725174,0.007583409771323204,2.4441360543363545e-05,0.008679335683668776,0.007794276294557656,0.00010357001692562942,8.797240091879166e-05,0.007602733844137512,0.0071045514196157455,3.492084942990914e-05,0.006635525897145271,0.38142106533050535,0.006661448627710342,0.38301384449005127,0.027669784086775586,0.06331606162643887,0.0,0.15084508061408997,0.15793006122112274,0.18374775350093842,0.3489583432674408,0.3489583432674408,800,1599,13,25,100,1599,0,1599,0,57.78150939941406,0.0,2026
dino_hc_normative_stage1_base_20260901_034204_606521_4,3,38,joint,True,False,37,0.0002147631528507739,0.0003,0.0003,0.0005,0.1,0.008450576215982436,0.007658728230744601,0.00010478360520210116,8.925652800826356e-05,0.007464688178151846,0.007281099781394005,1.2747607407277428e-05,0.008778768920721344,0.007936892291301486,0.00010234269800234389,8.621865946828202e-05,0.007748330902515575,0.006837228313088417,3.1630759622203186e-05,0.006371001750230789,0.37613823533058166,0.006410703063011169,0.3868531882762909,0.03200779145083437,0.06253371322764358,0.0,0.15104128420352936,0.15844890475273132,0.18459530174732208,0.3489583432674408,0.3489583432674408,800,1599,13,25,100,1599,0,1599,0,56.90245318412781,0.0,2026
dino_hc_normative_stage1_base_20260901_034204_606521_4,3,39,joint,True,True,39,0.0002102543136979454,0.0003,0.0003,0.0005,0.1,0.008502536341547967,0.007612309232354164,0.00010393657226813958,8.89312892104499e-05,0.007419441360980272,0.006818193197250366,4.168154624494491e-05,0.008559179514860724,0.007758523121457536,0.00010066345596915778,8.425277491465468e-05,0.007573606877391453,0.006724282633513212,2.5645626010373235e-05,0.005965956747531891,0.3884107422828674,0.006304713431745768,0.40240907669067383,0.0446997704214849,0.07604669382683223,0.0,0.15152424573898315,0.1590094119310379,0.18530000746250153,0.3489583432674408,0.3489583432674408,800,1599,13,25,100,1599,0,1599,0,58.033339500427246,0.0,2026
dino_hc_normative_stage1_base_20260901_034204_606521_4,3,40,joint,True,True,40,0.0002056795873377331,0.0003,0.0003,0.0005,0.1,0.008652814142405986,0.007759843170642853,0.0001055193503270857,8.921378001105041e-05,0.007565110102295876,0.007039573416113854,3.780273262236733e-05,0.008477599133191101,0.00770969166093651,9.95447287247752e-05,8.328314903267212e-05,0.0075268637577655395,0.006511122453957796,2.3359045371762477e-05,0.006159668937325478,0.38245647311210634,0.006104784086346626,0.4036285877227783,0.042400309831377964,0.0945353793268145,0.0,0.1517629772424698,0.15932025015354156,0.18592505156993866,0.3489583432674408,0.3489583432674408,800,1599,13,25,100,1599,0,1599,0,57.70739030838013,0.0,2026
dino_hc_normative_stage1_base_20260901_034204_606521_4,3,41,joint,True,False,40,0.00020104397616624645,0.0003,0.0003,0.0005,0.1,0.008618085142225028,0.007744033262133599,0.00010219699324807153,8.785579993855208e-05,0.0075539803877472875,0.006874981671571732,3.7310727857402523e-05,0.008549282586167824,0.007796019307565435,9.758082281298972e-05,8.151928895477671e-05,0.007616919145020677,0.006571110803633928,1.9230439647799358e-05,0.0060156483203172685,0.40028834342956543,0.0061609335243701935,0.41369402408599854,0.03765746327140298,0.05601646648806178,0.0,0.1519225686788559,0.1601559817790985,0.18656572699546814,0.3489583432674408,0.3489583432674408,800,1599,13,25,100,1599,0,1599,0,54.49639940261841,0.0,2026
dino_hc_normative_stage1_base_20260901_034204_606521_4,3,42,joint,True,True,42,0.0001963525491562421,0.0003,0.0003,0.0005,0.1,0.00844611532986164,0.007687372844666243,9.911699598887935e-05,8.334003941854463e-05,0.0075049158371984954,0.007123519778251648,9.27808134292718e-06,0.00823938527183902,0.0075123797190038396,9.734331256825899e-05,8.039429856243959e-05,0.007334642129145875,0.006269756238907576,2.0005985788884573e-05,0.006233120262622833,0.40610007524490355,0.005878341384232044,0.4106505513191223,0.03702091972914594,0.06663320162590396,0.0,0.15206506848335266,0.16054023802280426,0.18724770843982697,0.3489583432674408,0.3489583432674408,800,1599,13,25,100,1599,0,1599,0,56.87199783325195,0.0,2026
dino_hc_normative_stage1_base_20260901_034204_606521_4,3,43,joint,True,True,43,0.00019161043631427666,0.0003,0.0003,0.0005,0.1,0.008160525001585484,0.007326760329306126,9.480473963776603e-05,7.934718538308516e-05,0.007152608465403319,0.0066470932960510255,3.381106088909291e-05,0.008162061182062813,0.0074603957723385845,9.568374466075718e-05,7.937954153528925e-05,0.007285332472632645,0.006071449723094702,1.890408748295158e-05,0.0058162472397089,0.39612543940544126,0.005692319944500923,0.40910741686820984,0.03725179190067681,0.05468245518098362,0.0,0.1523444950580597,0.16079674661159515,0.18785212934017181,0.3489583432674408,0.3489583432674408,800,1599,13,25,100,1599,0,1599,0,55.179813623428345,0.0,2026
dino_hc_normative_stage1_base_20260901_034204_606521_4,3,44,joint,True,True,44,0.00018682282307111987,0.0003,0.0003,0.0005,0.1,0.008459103032946587,0.0076087536662817,9.340405551483855e-05,7.746704388409853e-05,0.0074378825724124905,0.006512018293142319,3.982949281635228e-05,0.00809774559278437,0.007420413833859378,9.523251794964155e-05,7.86697261620868e-05,0.007246511606843193,0.005849312990903854,1.8480091966921464e-05,0.005698052644729615,0.388286896944046,0.005483965389430523,0.403521329164505,0.049846171444959876,0.09011783753241118,0.0,0.1527097225189209,0.16099616885185242,0.1885240077972412,0.3489583432674408,0.3489583432674408,800,1599,13,25,100,1599,0,1599,0,56.480913162231445,0.0,2026
dino_hc_normative_stage1_base_20260901_034204_606521_4,3,45,joint,True,True,45,0.00018199494461156203,0.0003,0.0003,0.0005,0.1,0.007889973521232605,0.007227301001548767,9.436518128495663e-05,7.962537056300789e-05,0.007053310442715883,0.006158473044633865,9.365028835475187e-06,0.008015638755408432,0.007364044698646026,9.401427576300328e-05,7.794741631789555e-05,0.007192082972201129,0.00566770788282156,1.6964653696049936e-05,0.005388699248433113,0.3907953560352325,0.005313707981258631,0.4001065194606781,0.023524611818532968,0.0371025700938776,0.0,0.152860626578331,0.16123844683170319,0.18923594057559967,0.3489583432674408,0.3489583432674408,800,1599,13,25,100,1599,0,1599,0,56.71452069282532,0.0,2026
dino_hc_normative_stage1_base_20260901_034204_606521_4,3,46,joint,True,True,46,0.00017713208014981648,0.0003,0.0003,0.0005,0.1,0.007962728701531887,0.007288027536123991,9.181386645650492e-05,7.745088805677369e-05,0.00711876280605793,0.006049064099788666,1.3958938905034301e-05,0.007978186853772225,0.0073440516894081,9.300022293388199e-05,7.635605478417704e-05,0.007174695406302465,0.005606649909168482,1.4694034689455293e-05,0.005292970612645149,0.38492447018623355,0.005256513133645058,0.40097835659980774,0.024259078371857305,0.04067564819259369,0.0,0.15291555225849152,0.16156940162181854,0.18977561593055725,0.3489583432674408,0.3489583432674408,800,1599,13,25,100,1599,0,1599,0,54.87718915939331,0.0,2026
dino_hc_normative_stage1_base_20260901_034204_606521_4,3,47,joint,True,True,47,0.00017223954715677627,0.0003,0.0003,0.0005,0.1,0.007776273190975189,0.007128476276993752,9.584627754520625e-05,7.917785784229636e-05,0.006953452210873365,0.005710419267416,1.5351012035580424e-05,0.007941714105730469,0.007317174521925451,9.265277259647491e-05,7.531180085649707e-05,0.007149209910823152,0.005602807272225618,1.2851771316491067e-05,0.0049966564774513245,0.3895017665624618,0.005252946633845568,0.4040173590183258,0.02040309204148351,0.03518836196191704,0.0,0.15285231173038483,0.1620139628648758,0.19031907618045807,0.3489583432674408,0.3489583432674408,800,1599,13,25,100,1599,0,1599,0,54.93488955497742,0.0,2026
dino_hc_normative_stage1_base_20260901_034204_606521_4,3,48,joint,True,True,48,0.00016732269554543794,0.0003,0.0003,0.0005,0.1,0.008006789404898882,0.007219275925308466,9.58336956682615e-05,7.918125367723406e-05,0.007044260948896408,0.006004058718681335,3.742150114959486e-05,0.007935275777573822,0.007323897577090663,9.105822695536408e-05,7.436827560455006e-05,0.007158471072200986,0.005512424744665623,1.2027145203319378e-05,0.005253593325614929,0.38778610348701475,0.0051683117635548115,0.3983880877494812,0.038550295800341666,0.061342575086713994,0.0,0.15289120376110077,0.1623249650001526,0.19079360365867615,0.3489583432674408,0.3489583432674408,800,1599,13,25,100,1599,0,1599,0,57.11711049079895,0.0,2026
dino_hc_normative_stage1_base_20260901_034204_606521_4,3,49,joint,True,True,49,0.00016238690182084986,0.0003,0.0003,0.0005,0.1,0.007962168790400029,0.0072818023152649404,8.985445951111615e-05,7.485665468266233e-05,0.007117091249674559,0.0058314759284257885,1.9443754263193112e-05,0.007841272406860812,0.007244240874663377,9.006488463223118e-05,7.35367386933274e-05,0.007080639283836186,0.005384541116654873,1.171548410638934e-05,0.005102582052350044,0.3883369553089142,0.0050484417006373405,0.3930482566356659,0.040935037896724306,0.08089001795654406,0.0,0.15292900800704956,0.162552148103714,0.19135606288909912,0.3489583432674408,0.3489583432674408,800,1599,13,25,100,1599,0,1599,0,57.533716440200806,0.0,2026
dino_hc_normative_stage1_base_20260901_034204_606521_4,3,50,joint,True,True,50,0.00015743756320098332,0.0003,0.0003,0.0005,0.1,0.007817536741495133,0.007220719009637833,9.178581851301715e-05,7.617312396178022e-05,0.007052760049700737,0.005933172330260277,7.001045378274284e-07,0.007771597224060569,0.00719069847586641,8.97414602030647e-05,7.296467729651365e-05,0.007027992328688307,0.005176249425858259,1.2654761121666525e-05,0.005191563591361046,0.3930614578723908,0.0048531172797083855,0.3822333812713623,0.02775541385662689,0.04496499436003916,0.0,0.15284182131290436,0.16261990368366241,0.19186361134052277,0.3489583432674408,0.3489583432674408,800,1599,13,25,100,1599,0,1599,0,55.05132007598877,0.0,2026
dino_hc_normative_stage1_base_20260901_034204_606521_4,3,51,joint,True,True,51,0.00015248009171495378,0.0003,0.0003,0.0005,0.1,0.007896034307777881,0.00727896548807621,8.930024283472449e-05,7.259319070726633e-05,0.007117071971297264,0.005580743253231049,1.1798902341979556e-05,0.007729268430872904,0.0071620250043876845,8.924392703618462e-05,7.199811175783887e-05,0.0070007829539584995,0.005015375092625618,1.3141183444531634e-05,0.004883188754320145,0.36756417632102967,0.004702205304056406,0.3747202455997467,0.028200810561929888,0.043155302788330324,0.0,0.15283192694187164,0.16263549029827118,0.1923622339963913,0.3489583432674408,0.3489583432674408,800,1599,13,25,100,1599,0,1599,0,56.867055892944336,0.0,2026
dino_hc_normative_stage1_base_20260901_034204_606521_4,3,52,joint,True,True,52,0.00014751990828504622,0.0003,0.0003,0.0005,0.1,0.007664330117404461,0.0069968773983418945,8.881111454684288e-05,7.347819715505466e-05,0.006834588013589382,0.0053688913583755495,2.6112707421361846e-05,0.007698311274019388,0.0071393535230739776,8.84126129176053e-05,7.157419504193133e-05,0.00697936670851193,0.00500924326479435,1.1606684893195052e-05,0.0046978192776441574,0.36472084999084475,0.0046964045614004135,0.3746659755706787,0.025596930548449744,0.05257470633520757,0.0,0.15306928753852844,0.16281777620315552,0.1925920844078064,0.3489583432674408,0.3489583432674408,800,1599,13,25,100,1599,0,1599,0,58.48829221725464,0.0,2026
dino_hc_normative_stage1_base_20260901_034204_606521_4,3,53,joint,True,True,53,0.00014256243679901663,0.0003,0.0003,0.0005,0.1,0.0075099639222025874,0.006871552988886833,8.809015009319409e-05,7.420492678647861e-05,0.006709257923066616,0.005277014002203941,2.2141903850183554e-05,0.00765399554966325,0.0071038131143727696,8.704004542211337e-05,7.048576126755183e-05,0.006946287326994652,0.0049758004024624825,1.052047900884645e-05,0.004617426693439484,0.3600058317184448,0.004665014334022999,0.38093453645706177,0.025410546358511435,0.03946138932747022,0.0,0.1532217264175415,0.16310784220695496,0.19302994012832642,0.3489583432674408,0.3489583432674408,800,1599,13,25,100,1599,0,1599,0,56.975706338882446,0.0,2026
dino_hc_normative_stage1_base_20260901_034204_606521_4,3,54,joint,True,True,54,0.00013761309817915014,0.0003,0.0003,0.0005,0.1,0.0074417912214994435,0.0068495764769613745,8.467022358672693e-05,7.050784188322723e-05,0.006694398391991854,0.0054222214221954345,9.998510449804598e-06,0.007610230932619559,0.007065445644253303,8.643561486883428e-05,6.98314687997083e-05,0.006909178543703082,0.0049453419633209705,1.0050218406831846e-05,0.004744481146335602,0.3762548565864563,0.004636471159756184,0.3854835629463196,0.024704775136920196,0.06605760122698995,0.0,0.15339720249176025,0.1633208990097046,0.19343411922454834,0.3489583432674408,0.3489583432674408,800,1599,13,25,100,1599,0,1599,0,56.995248794555664,0.0,2026
dino_hc_normative_stage1_base_20260901_034204_606521_4,3,55,joint,True,True,55,0.00013267730445456208,0.0003,0.0003,0.0005,0.1,0.007402357403188944,0.006864129416644573,8.867243217537179e-05,7.298626762349159e-05,0.0067024707235395905,0.005009314864873886,7.459306261807796e-06,0.007608111548458025,0.00707645636643653,8.573453757490233e-05,6.9370485802986e-05,0.006921351342121276,0.004823428113013506,9.862474144028965e-06,0.0043831893056631085,0.3780099582672119,0.004522150848060846,0.3828200101852417,0.031137671865171426,0.07173233225842936,0.0,0.15339529514312744,0.16340239346027374,0.19391220808029175,0.3489583432674408,0.3489583432674408,800,1599,13,25,100,1599,0,1599,0,56.48604607582092,0.0,2026
dino_hc_normative_stage1_base_20260901_034204_606521_4,3,56,joint,True,True,56,0.00012776045284322368,0.0003,0.0003,0.0005,0.1,0.007636394202709198,0.00707805160433054,8.97397249354981e-05,7.278958713868633e-05,0.006915522292256355,0.005194225907325744,7.783997352817095e-06,0.007579969863880893,0.0070583557371071085,8.557206883591444e-05,6.869548264259107e-05,0.006904088175058215,0.004729033913463354,9.742147085489705e-06,0.004544988572597504,0.3818872845172882,0.004433666355907917,0.3785841464996338,0.03174757925527546,0.055548873473911554,0.0,0.15334412455558777,0.16349594295024872,0.1942591667175293,0.3489583432674408,0.3489583432674408,800,1599,13,25,100,1599,0,1599,0,57.84333109855652,0.0,2026
dino_hc_normative_stage1_base_20260901_034204_606521_4,3,57,joint,True,True,57,0.00012286791985018355,0.0003,0.0003,0.0005,0.1,0.007529456745833159,0.006960095651447773,8.499214163748547e-05,6.983053492149339e-05,0.006805272996425629,0.0050716990232467654,1.2438241246854887e-05,0.007572556454927157,0.007061654269075565,8.45940561182162e-05,6.804356887594991e-05,0.006909016636273055,0.00459970673546195,1.0186302461079322e-05,0.004437777251005173,0.3762275791168213,0.004312425851821899,0.36988386511802673,0.03715608306197423,0.07623209461337388,0.0,0.15320488810539246,0.16354280710220337,0.1946222186088562,0.3489583432674408,0.3489583432674408,800,1599,13,25,100,1599,0,1599,0,56.71222448348999,0.0,2026
dino_hc_normative_stage1_base_20260901_034204_606521_4,3,58,joint,True,True,58,0.00011800505538843798,0.0003,0.0003,0.0005,0.1,0.007543885502964258,0.007000619266182184,8.702967053977772e-05,7.049195148283615e-05,0.00684309758245945,0.005153137296438217,5.590513046627165e-06,0.007516147263284699,0.007009173478998752,8.375304455418527e-05,6.747074490963477e-05,0.006857949682395483,0.004557885229587555,1.0237052265438251e-05,0.004509031400084495,0.36644781947135924,0.004273219034075737,0.36565396189689636,0.029296763132134578,0.05354965121503165,0.0,0.15310119092464447,0.16364434361457825,0.19500446319580078,0.3489583432674408,0.3489583432674408,800,1599,13,25,100,1599,0,1599,0,55.4902138710022,0.0,2026
dino_hc_normative_stage1_base_20260901_034204_606521_4,3,59,joint,True,True,59,0.00011317717692888012,0.0003,0.0003,0.0005,0.1,0.007431034669280052,0.006877310890704393,8.326472219778224e-05,6.744549464201554e-05,0.006726600714027881,0.004892181903123856,1.2901132156457607e-05,0.007455078550967626,0.006957827968810632,8.335232776379284e-05,6.730015018187945e-05,0.006807175492885301,0.0044785370118916035,9.879376193566713e-06,0.0042806980013847355,0.3618099725246429,0.004198823124170303,0.3614221513271332,0.03194503480518256,0.0497957414021276,0.0,0.15304867923259735,0.16375334560871124,0.1953773945569992,0.3489583432674408,0.3489583432674408,800,1599,13,25,100,1599,0,1599,0,56.80431413650513,0.0,2026
dino_hc_normative_stage1_base_20260901_034204_606521_4,3,60,joint,True,False,59,0.00010838956368572334,0.0003,0.0003,0.0005,0.1,0.00732077058404684,0.006824731044471264,8.19552192115225e-05,6.714933755574748e-05,0.006675626412034035,0.004852393716573715,2.1600415584543953e-06,0.007469388529067537,0.0069795409893107984,8.315908047275966e-05,6.678721626080093e-05,0.006829594704016736,0.004374891985207796,1.0471668247191701e-05,0.00424588330090046,0.34102869033813477,0.004101661033928394,0.35599544644355774,0.03447073526842507,0.06425614147735853,0.0,0.15295618772506714,0.1637740284204483,0.19589371979236603,0.3489583432674408,0.3489583432674408,800,1599,13,25,100,1599,0,1599,0,57.65880298614502,0.0,2026
dino_hc_normative_stage1_base_20260901_034204_606521_4,3,61,joint,True,False,59,0.0001036474508437579,0.0003,0.0003,0.0005,0.1,0.007124574165791273,0.006643642727285623,8.231058658566326e-05,6.820295413490385e-05,0.006493129134178162,0.004624387472867966,3.698538672196605e-06,0.007494757840492177,0.007007911083188894,8.260746245099764e-05,6.631514349884049e-05,0.006858988497883846,0.0043619717471301556,1.0129916518053506e-05,0.004046379700303078,0.35654672503471374,0.004089549649506807,0.3586459457874298,0.04026838327390725,0.06408138856637147,0.0,0.15301282703876495,0.16388876736164093,0.19625146687030792,0.3489583432674408,0.3489583432674408,800,1599,13,25,100,1599,0,1599,0,55.7409245967865,0.0,2026
dino_hc_normative_stage1_base_20260901_034204_606521_4,3,62,joint,True,True,62,9.895602383375353e-05,0.0003,0.0003,0.0005,0.1,0.007206816896796226,0.0067029702290892605,8.183544559869915e-05,6.877636682474986e-05,0.0065523584373295305,0.004693559110164642,6.898156641454989e-06,0.007362075674968079,0.006878380306074402,8.18316045301233e-05,6.577236402735843e-05,0.006730776351804917,0.004334096796810627,1.0057137842522934e-05,0.004106902182102203,0.35119027733802793,0.0040634023025631905,0.355807900428772,0.034169619227207,0.06509462505978743,0.0,0.1529935896396637,0.16398490965366364,0.196576327085495,0.3489583432674408,0.3489583432674408,800,1599,13,25,100,1599,0,1599,0,57.92649221420288,0.0,2026
dino_hc_normative_stage1_base_20260901_034204_606521_4,3,63,joint,True,True,63,9.432041266226686e-05,0.0003,0.0003,0.0005,0.1,0.007239565867930651,0.006763855051249265,8.28887356328778e-05,6.764892023056746e-05,0.006613317430019378,0.00437680035829544,7.606168961729054e-06,0.0073590973868053475,0.00688074728307443,8.117850823153166e-05,6.500668789227619e-05,0.006734562053719653,0.004290277604013681,9.864468665909953e-06,0.0038297390937805176,0.3416256022453308,0.004022298380732536,0.3540874421596527,0.021704901381927575,0.039156257901783384,0.0,0.15295489132404327,0.16402554512023926,0.19679535925388336,0.3489583432674408,0.3489583432674408,800,1599,13,25,100,1599,0,1599,0,57.65580105781555,0.0,2026
dino_hc_normative_stage1_base_20260901_034204_606521_4,3,64,joint,True,True,64,8.97456863020546e-05,0.0003,0.0003,0.0005,0.1,0.007246244996786118,0.006747062522917986,8.207794395275414e-05,6.616852653678506e-05,0.006598816085606814,0.004703653231263161,5.7634363146519265e-06,0.00734288102736489,0.006869808484737839,8.07914241831406e-05,6.45985700105395e-05,0.006724418511671283,0.004232359118759632,9.96732615021756e-06,0.004115735962986946,0.3454392313957214,0.003967990167438984,0.3515271842479706,0.021775670863309813,0.0389896822680568,0.0,0.1528853178024292,0.16406035423278809,0.19704777002334595,0.3489583432674408,0.3489583432674408,800,1599,13,25,100,1599,0,1599,0,57.57424235343933,0.0,2026
dino_hc_normative_stage1_base_20260901_034204_606521_4,3,65,joint,True,True,65,8.523684714922608e-05,0.0003,0.0003,0.0005,0.1,0.007362737730145455,0.00680574057623744,8.131927257636562e-05,6.554553139721975e-05,0.006658875793218613,0.004540635198354721,2.058673200906469e-05,0.007316993826637345,0.006848276990015593,8.080856822766137e-05,6.449815276308361e-05,0.006702970225582967,0.004211142659187317,9.520514140604064e-06,0.003973094671964645,0.35155614018440245,0.003948091063648462,0.35112372040748596,0.028294111480535813,0.054317549658076926,0.0,0.15281449258327484,0.16413450241088867,0.19734860956668854,0.3489583432674408,0.3489583432674408,800,1599,13,25,100,1599,0,1599,0,54.95376896858215,0.0,2026
dino_hc_normative_stage1_base_20260901_034204_606521_4,3,66,joint,True,True,66,8.079882555319684e-05,0.0003,0.0003,0.0005,0.1,0.007393995746970177,0.006907025016844272,8.134248200803995e-05,6.525003977003507e-05,0.0067604325152933594,0.004726430177688598,2.8655535425059497e-06,0.007288207851549957,0.0068229639837477565,8.010873950443716e-05,6.40188838833791e-05,0.006678836359895808,0.004195166751742363,9.145438525592908e-06,0.004135666117072105,0.3501531958580017,0.003933101426810026,0.35102197527885437,0.027569785539306682,0.054216070939791076,0.0,0.15278537571430206,0.16421836614608765,0.19764746725559235,0.3489583432674408,0.3489583432674408,800,1599,13,25,100,1599,0,1599,0,57.423441648483276,0.0,2026
dino_hc_normative_stage1_base_20260901_034204_606521_4,3,67,joint,True,True,67,7.643647442542382e-05,0.0003,0.0003,0.0005,0.1,0.007206179872155189,0.0066861449927091594,7.87410480552353e-05,6.448116910178215e-05,0.006542922779917717,0.004538134932518006,1.324428345775175e-05,0.007269014264766714,0.006805488404079927,7.979283805596867e-05,6.376428364734867e-05,0.006661931328007193,0.004184363875538111,9.01789462659508e-06,0.003970906212925911,0.33393396854400637,0.003922986797988415,0.3491513431072235,0.028899800583165807,0.05343089165039514,0.0,0.15281186997890472,0.1642545610666275,0.19798342883586884,0.3489583432674408,0.3489583432674408,800,1599,13,25,100,1599,0,1599,0,57.95048785209656,0.0,2026
dino_hc_normative_stage1_base_20260901_034204_606521_4,3,68,joint,True,False,67,7.215456393281776e-05,0.0003,0.0003,0.0005,0.1,0.007162495739758015,0.006683046948164701,7.976404594955966e-05,6.442987767513842e-05,0.006538852974772453,0.0045631913095712665,4.625949198029389e-06,0.007273336584566812,0.006815192725898475,7.954552929868527e-05,6.323692576596869e-05,0.006672410300820414,0.004147740080952644,8.673970114614349e-06,0.003992835134267807,0.34369842290878294,0.003888636827468872,0.3483007550239563,0.02819895662814191,0.0524064836262262,0.0,0.15285716950893402,0.1642918884754181,0.1983010619878769,0.3489583432674408,0.3489583432674408,800,1599,13,25,100,1599,0,1599,0,57.68066477775574,0.0,2026
dino_hc_normative_stage1_base_20260901_034204_606521_4,3,69,joint,True,True,69,6.795777628163599e-05,0.0003,0.0003,0.0005,0.1,0.007093048766255379,0.006634844914078713,8.05935834068805e-05,6.648819806287065e-05,0.006487763114273548,0.004393321871757508,3.7743442499049708e-06,0.0072310951881240145,0.006776665886625266,7.955471147073834e-05,6.360326728778742e-05,0.006633507921008057,0.004112315364181995,8.639553016109858e-06,0.0038441962748765944,0.33028369903564453,0.0038554209750145674,0.3468236029148102,0.029277368642073212,0.04623778292780392,0.0,0.15280628204345703,0.16432732343673706,0.19856710731983185,0.3489583432674408,0.3489583432674408,800,1599,13,25,100,1599,0,1599,0,55.26151990890503,0.0,2026
dino_hc_normative_stage1_base_20260901_034204_606521_4,3,70,joint,True,True,70,6.385070059755846e-05,0.0003,0.0003,0.0005,0.1,0.007221801616251469,0.006670131739228964,7.620497141033411e-05,6.248793186387048e-05,0.006531438883394003,0.004429181218147278,2.175035429900163e-05,0.007228854714386199,0.006778695578369463,7.894075340361307e-05,6.28717423226944e-05,0.006636883079157612,0.004108034539967775,7.87113640399184e-06,0.003875572085380554,0.33344255268573764,0.003851400688290596,0.34841176867485046,0.021963755560533073,0.031656222179800034,0.0,0.1528177410364151,0.16437751054763794,0.1987674981355667,0.3489583432674408,0.3489583432674408,800,1599,13,25,100,1599,0,1599,0,56.55735182762146,0.0,2026
dino_hc_normative_stage1_base_20260901_034204_606521_4,3,71,joint,True,True,71,5.983782790754623e-05,0.0003,0.0003,0.0005,0.1,0.00706129189580679,0.006600959375500679,7.776972895953804e-05,6.238080415641889e-05,0.0064608087949454785,0.004286070689558983,6.345088022499112e-06,0.007203891171568371,0.006758040504493961,7.851853249091486e-05,6.264732302731635e-05,0.0066168746614527,0.004080227110534906,7.565591204183875e-06,0.003750350698828697,0.3462794256210327,0.003825335530564189,0.3488067388534546,0.030050091272175037,0.050439208078328156,0.0,0.15283840894699097,0.164421945810318,0.19894428551197052,0.3489583432674408,0.3489583432674408,800,1599,13,25,100,1599,0,1599,0,57.568849325180054,0.0,2026
dino_hc_normative_stage1_base_20260901_034204_606521_4,3,72,joint,True,True,72,5.592354622896944e-05,0.0003,0.0003,0.0005,0.1,0.007117431964725256,0.006653641741722822,7.905176753411069e-05,6.396547221811489e-05,0.006510624494403601,0.004490640386939049,2.945258429463138e-06,0.0071749579820308594,0.006731628799977583,7.838266258256998e-05,6.234783957699029e-05,0.0065908983348052785,0.004055275581777096,7.5603247751132585e-06,0.0039293491840362545,0.3543804395198822,0.003801953513175249,0.3482116460800171,0.017959088307860825,0.034666153878957356,0.0,0.15279537439346313,0.16446848213672638,0.19919417798519135,0.3489583432674408,0.3489583432674408,800,1599,13,25,100,1599,0,1599,0,58.038530111312866,0.0,2026
dino_hc_normative_stage1_base_20260901_034204_606521_4,3,73,joint,True,False,72,5.211213577137469e-05,0.0003,0.0003,0.0005,0.1,0.007034702226519585,0.006591741312295198,7.89182583685033e-05,6.351584132062271e-05,0.006449307203292847,0.004377257972955704,1.0470222434832977e-06,0.007177183100685898,0.0067367063625002185,7.822715055092346e-05,6.211957395059424e-05,0.006596359587085199,0.004017337691038847,7.748593816359062e-06,0.0038301362842321396,0.3425641095638275,0.0037663746625185013,0.3463588356971741,0.019254066832697096,0.035420764075786024,0.0,0.15273158252239227,0.16449271142482758,0.19935791194438934,0.3489583432674408,0.3489583432674408,800,1599,13,25,100,1599,0,1599,0,57.31018304824829,0.0,2026
dino_hc_normative_stage1_base_20260901_034204_606521_4,3,74,joint,True,True,74,4.840776425613886e-05,0.0003,0.0003,0.0005,0.1,0.007275382578372955,0.006738560181111098,7.790405303239822e-05,6.279088614974171e-05,0.006597865298390388,0.004567595049738884,1.6012576417239188e-05,0.007143931649224703,0.0067061379952606665,7.786034240315012e-05,6.188891519848948e-05,0.0065663887698638995,0.004011515062302351,7.328429546760162e-06,0.003996685519814492,0.345324387550354,0.003760910127311945,0.3471059203147888,0.01864781286068679,0.030444676741876273,0.0,0.15275134146213531,0.16451862454414368,0.19950591027736664,0.3489583432674408,0.3489583432674408,800,1599,13,25,100,1599,0,1599,0,57.19270944595337,0.0,2026
dino_hc_normative_stage1_base_20260901_034204_606521_4,3,75,joint,True,False,74,4.481448235912671e-05,0.0003,0.0003,0.0005,0.1,0.007167565971612931,0.006689866371452809,7.68353755120188e-05,6.143203572719357e-05,0.006551598981022835,0.004346175417304039,8.616409959358861e-06,0.007143942451130829,0.00670749350818453,7.768584955493867e-05,6.173995746686001e-05,0.006568067646838767,0.00402059918269515,6.877804935356835e-06,0.0038029404729604723,0.34415811717510225,0.003769432194530964,0.34897541999816895,0.03013056776010275,0.08286577940667532,0.0,0.15278851985931396,0.16459712386131287,0.1996070295572281,0.3489583432674408,0.3489583432674408,800,1599,13,25,100,1599,0,1599,0,57.15210008621216,0.0,2026
dino_hc_normative_stage1_base_20260901_034204_606521_4,3,76,joint,True,True,76,4.133621928133665e-05,0.0003,0.0003,0.0005,0.1,0.006982387769967318,0.00649546641856432,7.619306416017935e-05,6.129584144218825e-05,0.006357977483421564,0.00435158409178257,1.035256929764472e-05,0.007131357540850555,0.0066937213898138415,7.773425420758585e-05,6.166295695617029e-05,0.006554324180470212,0.00404501985758543,6.6268330556340516e-06,0.0038076788187026978,0.34168025851249695,0.0037923255003988743,0.3530624210834503,0.018020514130503238,0.033205441871147275,0.0,0.15284761786460876,0.1647161990404129,0.1997583955526352,0.3489583432674408,0.3489583432674408,800,1599,13,25,100,1599,0,1599,0,54.80965065956116,0.0,2026
dino_hc_normative_stage1_base_20260901_034204_606521_4,3,77,joint,True,True,77,3.797677845237696e-05,0.0003,0.0003,0.0005,0.1,0.006924344468861818,0.006452839989215135,7.841026352252812e-05,6.419024633942171e-05,0.0063102394714951516,0.004291544184088707,8.470021236917092e-06,0.0071221074415320435,0.006687987267591288,7.729384791476709e-05,6.13876013025182e-05,0.006549305782558454,0.004020912107080221,6.405792646546615e-06,0.0037551409751176833,0.3352893054485321,0.0037697083316743374,0.3523741662502289,0.017704052912265438,0.028553013941085066,0.0,0.15288610756397247,0.16475428640842438,0.19983750581741333,0.3489583432674408,0.3489583432674408,800,1599,13,25,100,1599,0,1599,0,57.150431394577026,0.0,2026
dino_hc_normative_stage1_base_20260901_034204_606521_4,3,78,joint,True,True,78,3.473983337147118e-05,0.0003,0.0003,0.0005,0.1,0.00700450249016285,0.0065380151942372325,7.640482566785067e-05,6.156285860924981e-05,0.006400047466158867,0.004428921937942505,4.719028364661426e-06,0.00711885289661925,0.006686849344586994,7.709978402831334e-05,6.117670115729165e-05,0.006548572815966334,0.004004117101430893,6.318368377833394e-06,0.003875344395637512,0.35075042605400086,0.0037539612967520952,0.3517508804798126,0.021967438597225553,0.04262270897458393,0.0,0.15289519727230072,0.1647673100233078,0.1999526172876358,0.3489583432674408,0.3489583432674408,800,1599,13,25,100,1599,0,1599,0,57.6804416179657,0.0,2026
dino_hc_normative_stage1_base_20260901_034204_606521_4,3,79,joint,True,False,78,3.162892359054098e-05,0.0003,0.0003,0.0005,0.1,0.0070760992728173735,0.0066049805097281936,7.922570424852893e-05,6.3600258436054e-05,0.006462154574692249,0.004189432263374328,1.043512099158761e-05,0.0071199846062233564,0.006690576918052743,7.692170831473985e-05,6.104530649981695e-05,0.006552609872757885,0.0039891693741083145,6.098150151956361e-06,0.003665795996785164,0.3418394601345062,0.003739947685971856,0.3517434895038605,0.023074345439445802,0.0396291776592056,0.0,0.15292206406593323,0.16478900611400604,0.2000778317451477,0.3489583432674408,0.3489583432674408,800,1599,13,25,100,1599,0,1599,0,58.625916719436646,0.0,2026
dino_hc_normative_stage1_base_20260901_034204_606521_4,3,80,joint,True,True,80,2.8647450843757897e-05,0.0003,0.0003,0.0005,0.1,0.006922008395195007,0.006466068811714649,7.867205946240574e-05,6.285719864536077e-05,0.0063245396502316,0.00433932788670063,4.401358655741205e-06,0.007098480234880463,0.006670536428545511,7.683782335802513e-05,6.09425027883171e-05,0.006532756078771646,0.0039836871437728405,5.915018391533522e-06,0.003796953558921814,0.34523441910743713,0.0037347993347793818,0.3516862094402313,0.020260303795386105,0.03686470863859664,0.0,0.1529194861650467,0.1648205816745758,0.2001768797636032,0.3489583432674408,0.3489583432674408,800,1599,13,25,100,1599,0,1599,0,55.592437505722046,0.0,2026
dino_hc_normative_stage1_base_20260901_034204_606521_4,3,81,joint,True,False,80,2.5798675327796993e-05,0.0003,0.0003,0.0005,0.1,0.007147770747542382,0.006598872523754835,7.566988962935283e-05,6.158684933325275e-05,0.00646161574870348,0.004287955537438393,2.402054440608481e-05,0.0070988874491693735,0.006672936105801304,7.664717304692275e-05,6.082472107896282e-05,0.006535464261144194,0.003970869351178408,5.772881650045747e-06,0.0037520015239715576,0.3490793293714523,0.0037227878347039223,0.3513195812702179,0.021781144592061288,0.09698359085543774,0.0,0.1529233455657959,0.16484211385250092,0.20027542114257812,0.3489583432674408,0.3489583432674408,800,1599,13,25,100,1599,0,1599,0,62.746506452560425,0.0,2026
dino_hc_normative_stage1_base_20260901_034204_606521_4,3,82,joint,True,True,82,2.3085712136859668e-05,0.0003,0.0003,0.0005,0.1,0.00724065164104104,0.0067609894461929795,7.634856738150119e-05,6.086258159484714e-05,0.006623778268694877,0.0045458503812551496,5.015432287045485e-06,0.007090116596880169,0.0066644073192559045,7.654802801817442e-05,6.06879064314323e-05,0.006527171329274223,0.003995203413069248,5.237787263467908e-06,0.003977659046649933,0.3360638463497162,0.0037455949932336807,0.353048712015152,0.01931105818113608,0.033107184781667125,0.0,0.15299472212791443,0.1648758500814438,0.20040473341941833,0.3489583432674408,0.3489583432674408,800,1599,13,25,100,1599,0,1599,0,58.24989604949951,0.0,2026
dino_hc_normative_stage1_base_20260901_034204_606521_4,3,83,joint,True,False,82,2.0511527856363912e-05,0.0003,0.0003,0.0005,0.1,0.007009949665516615,0.006571967396885156,7.56149206426926e-05,6.067995709599927e-05,0.00643567243590951,0.0043352060765028,8.923195309762377e-07,0.00709960597404136,0.006675657883794365,7.644179751720132e-05,6.06230016087349e-05,0.006538593065252223,0.003976400010287762,5.261617843643762e-06,0.0037933453172445297,0.3573221850395203,0.003727961564436555,0.3517778217792511,0.019510193423196858,0.03790236245678243,0.0,0.15298888087272644,0.1648830622434616,0.20048479735851288,0.3489583432674408,0.3489583432674408,800,1599,13,25,100,1599,0,1599,0,58.713473081588745,0.0,2026
dino_hc_normative_stage1_base_20260901_034204_606521_4,3,84,joint,True,True,84,1.8078937319026654e-05,0.0003,0.0003,0.0005,0.1,0.006991472784429789,0.006495721768587827,8.14973475644365e-05,6.500374889583327e-05,0.006349220667034388,0.004375211372971535,1.1645967950428826e-05,0.007073839231238915,0.006651141280931578,7.630043588987137e-05,6.048052423673896e-05,0.006514360318036099,0.003967560827732086,5.188373506825883e-06,0.003828352391719818,0.3434244990348816,0.003719677682965994,0.351093590259552,0.022312465342419433,0.04188702327480196,0.0,0.15298695862293243,0.16489093005657196,0.20056340098381042,0.3489583432674408,0.3489583432674408,800,1599,13,25,100,1599,0,1599,0,59.41021990776062,0.0,2026
dino_hc_normative_stage1_base_20260901_034204_606521_4,3,85,joint,True,True,85,1.579060052688548e-05,0.0003,0.0003,0.0005,0.1,0.006939861942082643,0.00647604051977396,7.893117115600035e-05,6.5021455520764e-05,0.0063320879265666005,0.00424764059484005,7.811478271833038e-06,0.00707248603825465,0.006651061593442503,7.62330079661974e-05,6.040959114437353e-05,0.0065144190225188735,0.003959298599511385,5.09891697220155e-06,0.003716720566153526,0.35042035341262817,0.0037119253538548946,0.35062775015830994,0.020022828353011526,0.034340141714512495,0.0,0.15299029648303986,0.1649080216884613,0.20061495900154114,0.3489583432674408,0.3489583432674408,800,1599,13,25,100,1599,0,1599,0,58.02836203575134,0.0,2026
dino_hc_normative_stage1_base_20260901_034204_606521_4,3,86,joint,True,True,86,1.3649019742625623e-05,0.0003,0.0003,0.0005,0.1,0.00690417243167758,0.006438374072313308,7.566861051600427e-05,6.0281845362624155e-05,0.006302423682063818,0.004340597689151764,6.347718185679696e-06,0.007064606276626881,0.006644143185358707,7.623434729298682e-05,6.0374396864160704e-05,0.0065075344653023155,0.00395135348662734,5.065548521088203e-06,0.003798065856099129,0.3338659977912903,0.0037044822238385677,0.35028743743896484,0.019614519284906224,0.0425087268524658,0.0,0.15298587083816528,0.1649278849363327,0.20065610110759735,0.3489583432674408,0.3489583432674408,800,1599,13,25,100,1599,0,1599,0,58.052340030670166,0.0,2026
dino_hc_normative_stage1_base_20260901_034204_606521_4,3,87,joint,True,True,87,1.1656536753392287e-05,0.0003,0.0003,0.0005,0.1,0.0069196405820548534,0.0065007093735039235,7.731930672889575e-05,6.229933831491507e-05,0.006361090764403343,0.004137160703539849,1.043034098984208e-06,0.007061655520035815,0.006641065131341706,7.611068547230092e-05,6.0340435315000553e-05,0.006504614049425492,0.0039568133652210236,4.981810434401268e-06,0.003620050996541977,0.3479006612300873,0.0037095975130796432,0.35094860196113586,0.01493437103180355,0.03139374671037923,0.0,0.1529993861913681,0.1649540364742279,0.2007014900445938,0.3489583432674408,0.3489583432674408,800,1599,13,25,100,1599,0,1599,0,61.49188232421875,0.0,2026
dino_hc_normative_stage1_base_20260901_034204_606521_4,3,88,joint,True,True,88,9.815330310080887e-06,0.0003,0.0003,0.0005,0.1,0.006978498008102178,0.006526401024311781,7.765424437820911e-05,6.205968325957656e-05,0.006386687066406011,0.004318711012601852,4.045164500894316e-06,0.007060005706110151,0.006639833144466156,7.60596868474828e-05,6.0245652680148836e-05,0.006503527834335851,0.003953315783292055,4.96819666295778e-06,0.003778908774256706,0.34304739475250245,0.003706320421770215,0.3508753180503845,0.016148393363354312,0.032213831588988176,0.0,0.15299823880195618,0.16496452689170837,0.2007368505001068,0.3489583432674408,0.3489583432674408,800,1599,13,25,100,1599,0,1599,0,56.91371560096741,0.0,2026
dino_hc_normative_stage1_base_20260901_034204_606521_4,3,89,joint,True,True,89,8.127413744904804e-06,0.0003,0.0003,0.0005,0.1,0.0069896231405436994,0.006538454610854387,7.49283653567545e-05,6.000218680128455e-05,0.006403524111956358,0.004267391934990883,4.885877177400744e-06,0.007054562568667008,0.00663503748757894,7.603111524945777e-05,6.0212184992868435e-05,0.006498794219898686,0.003948146011680365,4.9420959840063006e-06,0.003734005838632584,0.33954482793807983,0.003701475216075778,0.35073167085647583,0.016590367196286957,0.030988792609502557,0.0,0.153002068400383,0.16497108340263367,0.20076827704906464,0.3489583432674408,0.3489583432674408,800,1599,13,25,100,1599,0,1599,0,56.81330847740173,0.0,2026
dino_hc_normative_stage1_base_20260901_034204_606521_4,3,90,joint,True,False,89,6.594632769846353e-06,0.0003,0.0003,0.0005,0.1,0.007202704139053821,0.006749437134712935,7.982619834365323e-05,6.368055619532242e-05,0.006605930402874946,0.004491126090288162,8.308611865004423e-07,0.007054696083347304,0.006635663021248698,7.599467591138229e-05,6.018475091277844e-05,0.006499483561978499,0.003942063078284264,4.9653508540359326e-06,0.003929775804281234,0.34173848390579226,0.0036957724951207638,0.35039862990379333,0.017741374984928247,0.03304944778272425,0.0,0.15299738943576813,0.16497287154197693,0.20079828798770905,0.3489583432674408,0.3489583432674408,800,1599,13,25,100,1599,0,1599,0,56.56265950202942,0.0,2026
dino_hc_normative_stage1_base_20260901_034204_606521_4,3,91,joint,True,True,91,5.218663458397715e-06,0.0003,0.0003,0.0005,0.1,0.007089878525584936,0.0066576007753610614,7.627774146385492e-05,6.0594388633035126e-05,0.0065207286551594735,0.004254876896739006,1.358014044541278e-06,0.007049736661875722,0.006631154379457366,7.594016583388428e-05,6.013346170696265e-05,0.006495080768579782,0.00393655663356185,4.985323812434217e-06,0.0037230566143989564,0.3490091073513031,0.0036906125023961067,0.3500785529613495,0.016868570682150467,0.037616718270794366,0.0,0.15299342572689056,0.16497357189655304,0.20081603527069092,0.3489583432674408,0.3489583432674408,800,1599,13,25,100,1599,0,1599,0,56.72283577919006,0.0,2026
dino_hc_normative_stage1_base_20260901_034204_606521_4,3,92,joint,True,True,92,4.001010412799138e-06,0.0003,0.0003,0.0005,0.1,0.006898108776658774,0.006469362210482359,7.469288248103112e-05,5.966566706774756e-05,0.006335003636777401,0.004277083650231361,2.0763314905636322e-07,0.007047793928041273,0.006629459720671065,7.590671042563554e-05,6.01030422705214e-05,0.006493449938297737,0.003933030646294355,5.006228548154468e-06,0.003742490187287331,0.34540880382061007,0.0036873039789497852,0.3497307598590851,0.012836289665810572,0.02524322455974817,0.0,0.15298599004745483,0.16497182846069336,0.20082779228687286,0.3489583432674408,0.3489583432674408,800,1599,13,25,100,1599,0,1599,0,57.726340770721436,0.0,2026
dino_hc_normative_stage1_base_20260901_034204_606521_4,3,93,joint,True,True,93,2.9430051187785962e-06,0.0003,0.0003,0.0005,0.1,0.0069312467239797115,0.0064839434437453745,7.993713719770313e-05,6.646498091868125e-05,0.006337541416287422,0.004223866611719132,4.983316296147678e-06,0.007046247003752858,0.0066280389845888455,7.590074355340097e-05,6.00937073716132e-05,0.006492044565252135,0.003931835293769836,5.004897957405774e-06,0.003695918098092079,0.3473203766345978,0.003686182200908661,0.3495938777923584,0.012126479788474472,0.01829724746064465,0.0,0.15298186242580414,0.16497410833835602,0.20084647834300995,0.3489583432674408,0.3489583432674408,800,1599,13,25,100,1599,0,1599,0,58.41955852508545,0.0,2026
dino_hc_normative_stage1_base_20260901_034204_606521_4,3,94,joint,True,True,94,2.0458044895916513e-06,0.0003,0.0003,0.0005,0.1,0.006890478320419788,0.006432947181165219,7.452472404111177e-05,5.9593595215119424e-05,0.006298828888684511,0.0042899022996425624,5.70816906588334e-06,0.007045475141723177,0.0066274818839077805,7.588780727388897e-05,6.008177495583673e-05,0.006491512263728407,0.003929472994059324,5.009191681892844e-06,0.003753701448440552,0.3432824206352234,0.0036839707754552364,0.34940671920776367,0.01448332288252931,0.024542238126113874,0.0,0.15297840535640717,0.16497397422790527,0.20086094737052917,0.3489583432674408,0.3489583432674408,800,1599,13,25,100,1599,0,1599,0,57.17149806022644,0.0,2026
dino_hc_normative_stage1_base_20260901_034204_606521_4,3,95,joint,True,True,95,1.3103896009537207e-06,0.0003,0.0003,0.0005,0.1,0.006845415811985731,0.006430030427873134,7.816213357727975e-05,6.341970263747499e-05,0.006288448628038168,0.004079191908240318,1.4932331062533776e-06,0.007045355716649724,0.006627514222759132,7.587991871158583e-05,6.0074134069587945e-05,0.006491560181993071,0.003927959129214287,5.009116193832597e-06,0.003569331094622612,0.3489289903640747,0.003682544222101569,0.34928953647613525,0.012958639186168745,0.020039875071177733,0.0,0.15297825634479523,0.16497363150119781,0.2008683830499649,0.3489583432674408,0.3489583432674408,800,1599,13,25,100,1599,0,1599,0,55.844929695129395,0.0,2026
dino_hc_normative_stage1_base_20260901_034204_606521_4,3,96,joint,True,True,96,7.375646182482875e-07,0.0003,0.0003,0.0005,0.1,0.007033942099660635,0.0064782359078526495,7.571037451270968e-05,6.085929373512044e-05,0.006341666206717491,0.004308605641126633,2.496912189599243e-05,0.0070451812533220935,0.00662751294604926,7.586974846539883e-05,6.006666848431921e-05,0.006491576526150937,0.0039266967214643955,4.999727025278844e-06,0.0037700719386339187,0.34210480451583863,0.0036813593469560146,0.34921950101852417,0.014023864731541815,0.02249650198240821,0.0,0.15297852456569672,0.16497384011745453,0.20087073743343353,0.3489583432674408,0.3489583432674408,800,1599,13,25,100,1599,0,1599,0,57.83965563774109,0.0,2026
dino_hc_normative_stage1_base_20260901_034204_606521_4,3,97,joint,True,True,97,3.2795591718381975e-07,0.0003,0.0003,0.0005,0.1,0.007197287119925022,0.006753888428211213,7.683010539039969e-05,6.185475023812615e-05,0.006615203563123942,0.004288191720843315,2.9159015412005828e-06,0.007044760492452979,0.006627132256152464,7.586733881748742e-05,6.006486451551359e-05,0.006491200062443384,0.003926566336303949,4.994320534024155e-06,0.0037522082775831222,0.3494657230377197,0.0036812361795455217,0.34921178221702576,0.014744349428726081,0.021932760886816508,0.0,0.15297818183898926,0.1649743616580963,0.20087438821792603,0.3489583432674408,0.3489583432674408,800,1599,13,25,100,1599,0,1599,0,57.43008470535278,0.0,2026
dino_hc_normative_stage1_base_20260901_034204_606521_4,3,98,joint,True,True,98,8.201139886109264e-08,0.0003,0.0003,0.0005,0.1,0.007229516189545393,0.006679908279329539,7.777627790346742e-05,6.250606384128332e-05,0.006539625991135836,0.004497957676649094,1.9962423411925556e-05,0.00704455182622411,0.006626936292836095,7.58675844527244e-05,6.006422179909886e-05,0.006491004527803322,0.003926689736545086,4.989311946701491e-06,0.003935754373669624,0.3529991447925568,0.0036813586484640837,0.3492201268672943,0.018221457689430783,0.030008373561270875,0.0,0.1529783308506012,0.16497468948364258,0.20087622106075287,0.3489583432674408,0.3489583432674408,800,1599,13,25,100,1599,0,1599,0,57.75927186012268,0.0,2026
dino_hc_normative_stage1_base_20260901_034204_606521_4,3,99,joint,True,True,99,0.0,0.0003,0.0003,0.0005,0.1,0.0070462005026638505,0.006596550755202771,7.588126987684518e-05,6.07969518750906e-05,0.006459872480481863,0.0042365299910306934,5.19934241538067e-06,0.0070444746301610815,0.006626861512118145,7.586736990525628e-05,6.0064093960205054e-05,0.006490930100918058,0.003926719538867474,4.988232831237838e-06,0.0037070027738809585,0.3427718997001648,0.0036813821643590927,0.34922167658805847,0.01530746275683448,0.02520856045650373,0.0,0.1529783308506012,0.16497470438480377,0.20087666809558868,0.3489583432674408,0.3489583432674408,800,1599,13,25,100,1599,0,1599,0,56.03341102600098,0.0,2026
